code,system
N140100,readv2
N141.00,readv2
N140500,readv2
N148300,readv2
N141.11,readv2
N148A00,readv2
N140300,readv2
N148400,readv2
N144000,readv2
N148.00,readv2
N144011,readv2
N148B00,readv2
16CA.00,readv2
N23yE00,readv2
8HTH.00,readv2
16C4.00,readv2
N149.00,readv2
16C5.00,readv2
N14y.11,readv2
N142.11,readv2
7289CI,readv2
7289CE,readv2
7289CA,readv2
7289J,readv2
7289C,readv2
7287A,readv2
7289PL,readv2
N142.00,readv2
n142.00,readv2
7289G,readv2
7289CG,readv2
N147100,readv2
N140600,readv2
N140A00,readv2
N148600,readv2
N148500,readv2
N14z.11,readv2
N145.00,readv2
N145.12,readv2
J3Ay.00,readv2
N140700,readv2
N147200,readv2
N143.11,readv2
N12..13,readv2
N145.11,readv2
N142.13,readv2
353 A,readv2
7289CT,readv2
N147211,readv2
7289CC,readv2
N140800,readv2
N140400,readv2
25C5.00,readv2
25C..13,readv2
25C7.00,readv2
1A53.12,readv2
N140.11,readv2
N140200,readv2
N140z00,readv2
16C6.00,readv2
N146311,readv2
N144.00,readv2
N144100,readv2
N146300,readv2
N144z00,readv2
N146500,readv2
N146000,readv2
N146200,readv2
7289H,readv2
N142.14,readv2
N142000,readv2
J3A1.00,readv2
J3Az.00,readv2
J3A3.00,readv2
J3A0.00,readv2
J3A2.00,readv2
J3A..00,readv2
5518AT,readv2
N148900,readv2
N148200,readv2
N148000,readv2
N148700,readv2
SJ60100,readv2
SJ60000,readv2
SJ60.00,readv2
N148C00,readv2
N146600,readv2
N146100,readv2
N146400,readv2
N143.00,readv2
7289A,readv2
353 T,readv2
353 HP,readv2
353,readv2
353 PP,readv2
7289D,readv2
N146z11,readv2
N12C400,readv2
7251D,readv2
N148800,readv2
N148100,readv2
16C9.00,readv2
353 C,readv2
7289CB,readv2
N140000,readv2
N140.00,readv2
7287B,readv2
N142.12,readv2
F350.00,readv2
N140900,readv2
7289B,readv2
353 NT,readv2
7289E,readv2
7289CF,readv2
353 NP,readv2
7288RP,readv2
7289CH,readv2